,0,1,2,3,4,5,6,7,8,9,10,11,12,13,14,15,16
63,SEQRES,1,A,141,VAL,LEU,SER,PRO,ALA,ASP,LYS,THR,ASN,VAL,LYS,ALA,ALA
64,SEQRES,2,A,141,TRP,GLY,LYS,VAL,GLY,ALA,HIS,ALA,GLY,GLU,TYR,GLY,ALA
65,SEQRES,3,A,141,GLU,ALA,LEU,GLU,ARG,MET,PHE,LEU,SER,PHE,PRO,THR,THR
66,SEQRES,4,A,141,LYS,THR,TYR,PHE,PRO,HIS,PHE,ASP,LEU,SER,HIS,GLY,SER
67,SEQRES,5,A,141,ALA,GLN,VAL,LYS,GLY,HIS,GLY,LYS,LYS,VAL,ALA,ASP,ALA
68,SEQRES,6,A,141,LEU,THR,ASN,ALA,VAL,ALA,HIS,VAL,ASP,ASP,MET,PRO,ASN
69,SEQRES,7,A,141,ALA,LEU,SER,ALA,LEU,SER,ASP,LEU,HIS,ALA,HIS,LYS,LEU
70,SEQRES,8,A,141,ARG,VAL,ASP,PRO,VAL,ASN,PHE,LYS,LEU,LEU,SER,HIS,CYS
71,SEQRES,9,A,141,LEU,LEU,VAL,THR,LEU,ALA,ALA,HIS,LEU,PRO,ALA,GLU,PHE
72,SEQRES,10,A,141,THR,PRO,ALA,VAL,HIS,ALA,SER,LEU,ASP,LYS,PHE,LEU,ALA
73,SEQRES,11,A,141,SER,VAL,SER,THR,VAL,LEU,THR,SER,LYS,TYR,ARG,,
74,SEQRES,1,B,146,VAL,HIS,LEU,THR,PRO,GLU,GLU,LYS,SER,ALA,VAL,THR,ALA
75,SEQRES,2,B,146,LEU,TRP,GLY,LYS,VAL,ASN,VAL,ASP,GLU,VAL,GLY,GLY,GLU
76,SEQRES,3,B,146,ALA,LEU,GLY,ARG,LEU,LEU,VAL,VAL,TYR,PRO,TRP,THR,GLN
77,SEQRES,4,B,146,ARG,PHE,PHE,GLU,SER,PHE,GLY,ASP,LEU,SER,THR,PRO,ASP
78,SEQRES,5,B,146,ALA,VAL,MET,GLY,ASN,PRO,LYS,VAL,LYS,ALA,HIS,GLY,LYS
79,SEQRES,6,B,146,LYS,VAL,LEU,GLY,ALA,PHE,SER,ASP,GLY,LEU,ALA,HIS,LEU
80,SEQRES,7,B,146,ASP,ASN,LEU,LYS,GLY,THR,PHE,ALA,THR,LEU,SER,GLU,LEU
81,SEQRES,8,B,146,HIS,CYS,ASP,LYS,LEU,HIS,VAL,ASP,PRO,GLU,ASN,PHE,ARG
82,SEQRES,9,B,146,LEU,LEU,GLY,ASN,VAL,LEU,VAL,CYS,VAL,LEU,ALA,HIS,HIS
83,SEQRES,10,B,146,PHE,GLY,LYS,GLU,PHE,THR,PRO,PRO,VAL,GLN,ALA,ALA,TYR
84,SEQRES,11,B,146,GLN,LYS,VAL,VAL,ALA,GLY,VAL,ALA,ASN,ALA,LEU,ALA,HIS
85,SEQRES,12,B,146,LYS,TYR,HIS,,,,,,,,,,
86,SEQRES,1,C,141,VAL,LEU,SER,PRO,ALA,ASP,LYS,THR,ASN,VAL,LYS,ALA,ALA
87,SEQRES,2,C,141,TRP,GLY,LYS,VAL,GLY,ALA,HIS,ALA,GLY,GLU,TYR,GLY,ALA
88,SEQRES,3,C,141,GLU,ALA,LEU,GLU,ARG,MET,PHE,LEU,SER,PHE,PRO,THR,THR
89,SEQRES,4,C,141,LYS,THR,TYR,PHE,PRO,HIS,PHE,ASP,LEU,SER,HIS,GLY,SER
90,SEQRES,5,C,141,ALA,GLN,VAL,LYS,GLY,HIS,GLY,LYS,LYS,VAL,ALA,ASP,ALA
91,SEQRES,6,C,141,LEU,THR,ASN,ALA,VAL,ALA,HIS,VAL,ASP,ASP,MET,PRO,ASN
92,SEQRES,7,C,141,ALA,LEU,SER,ALA,LEU,SER,ASP,LEU,HIS,ALA,HIS,LYS,LEU
93,SEQRES,8,C,141,ARG,VAL,ASP,PRO,VAL,ASN,PHE,LYS,LEU,LEU,SER,HIS,CYS
94,SEQRES,9,C,141,LEU,LEU,VAL,THR,LEU,ALA,ALA,HIS,LEU,PRO,ALA,GLU,PHE
95,SEQRES,10,C,141,THR,PRO,ALA,VAL,HIS,ALA,SER,LEU,ASP,LYS,PHE,LEU,ALA
96,SEQRES,11,C,141,SER,VAL,SER,THR,VAL,LEU,THR,SER,LYS,TYR,ARG,,
97,SEQRES,1,D,146,VAL,HIS,LEU,THR,PRO,GLU,GLU,LYS,SER,ALA,VAL,THR,ALA
98,SEQRES,2,D,146,LEU,TRP,GLY,LYS,VAL,ASN,VAL,ASP,GLU,VAL,GLY,GLY,GLU
99,SEQRES,3,D,146,ALA,LEU,GLY,ARG,LEU,LEU,VAL,VAL,TYR,PRO,TRP,THR,GLN
100,SEQRES,4,D,146,ARG,PHE,PHE,GLU,SER,PHE,GLY,ASP,LEU,SER,THR,PRO,ASP
101,SEQRES,5,D,146,ALA,VAL,MET,GLY,ASN,PRO,LYS,VAL,LYS,ALA,HIS,GLY,LYS
102,SEQRES,6,D,146,LYS,VAL,LEU,GLY,ALA,PHE,SER,ASP,GLY,LEU,ALA,HIS,LEU
103,SEQRES,7,D,146,ASP,ASN,LEU,LYS,GLY,THR,PHE,ALA,THR,LEU,SER,GLU,LEU
104,SEQRES,8,D,146,HIS,CYS,ASP,LYS,LEU,HIS,VAL,ASP,PRO,GLU,ASN,PHE,ARG
105,SEQRES,9,D,146,LEU,LEU,GLY,ASN,VAL,LEU,VAL,CYS,VAL,LEU,ALA,HIS,HIS
106,SEQRES,10,D,146,PHE,GLY,LYS,GLU,PHE,THR,PRO,PRO,VAL,GLN,ALA,ALA,TYR
107,SEQRES,11,D,146,GLN,LYS,VAL,VAL,ALA,GLY,VAL,ALA,ASN,ALA,LEU,ALA,HIS
108,SEQRES,12,D,146,LYS,TYR,HIS,,,,,,,,,,
